logo,sigla,presidente,militantes,ideologia,descripcion,colores,label,item,sede,fundador,fundacion,tipo
https://appwrite.sociest.org/v1/storage/buckets/6977a8d8001f6558aa42/files/697b8ed7003e36db7486/view?project=6977a7f000062ad2847d,FRI,El presidente del partido es Édgar Guzmán Jáuregui y su secretario general es Wálter Villagra Romay,71477,Centro izquierda a centro derecha,"El Frente Revolucionario de Izquierda (también conocido como el FRI) es un partido político boliviano fundado en la ciudad de La Paz el 23 de abril del año 1978 por Oscar Zamora Medinaceli, el cual presidió el partido hasta su fallecimiento en 2017. Actualmente el presidente del partido es Édgar Guzmán Jáuregui y su secretario general es Wálter Villagra Romay.",#ed333b | #0000c0,Frente Revolucionario de Izquierda,698569950029d3d53ef2,,,,
https://appwrite.sociest.org/v1/storage/buckets/6977a8d8001f6558aa42/files/697ad90d003b4a8931a9/view?project=6977a7f000062ad2847d,PDC,, 42.603,Centro izquiera a centro derecha,,#e00020 | #ffffff | #006060,Partido Democrata Cristiano,698569e40013a99b8afe,La Paz,- José Remo Di Natale - Benjamín Miguel Harb - Javier Caballero - Emanuel Andrade - Jaime Ondarza - Mario Eguivar,1964-02-07,
https://appwrite.sociest.org/v1/storage/buckets/6977a8d8001f6558aa42/files/697b91640003aa1732ab/view?project=6977a7f000062ad2847d,UCS,Jhonny Fernández.,56868,Centro - Centro derecha ,,#00a0e0;#a08040;#ffffff,Unidad Civica Solidaridad,69856a0a003b97441729,,Max Fernández,1989-08-15,
https://appwrite.sociest.org/v1/storage/buckets/6977a8d8001f6558aa42/files/697b91a3003bfee8ba62/view?project=6977a7f000062ad2847d,UN,Elizabeth Reyes,75.765,Centtro,El Frente de Unidad Nacional (también conocido por su sigla UN) es un partido político centrista de Bolivia fundado el 12 de diciembre de 2003 por el exmilitante del MIR Samuel Doria Medina.,#002060;#ffffff | #e0c040,Frente De Unidad Nacional,69856a0b003dc425a9a7,La Paz,Samuel Doria Medina,2003-12-13,
,"JACH'A (Justicia Social), JAKISA (Juntos por Pando), SOL (Soberanía y Libertad), FESORC (Federación de Organizaciones Sociales).",Ana Lucía Reis,,,"La alianza Jach'A - Jakisa - Sol - Fesorc se define como un bloque de ""Poder Popular Amazónico"". Su ideología es de Centro-Izquierda Regionalista. A diferencia de otros partidos nacionales, ellos centran su discurso en la soberanía productiva de Pando, exigiendo que la riqueza de la castaña y la madera se quede en el departamento.",#FF8C00 | #FFFFFF | #2E8B57,Jach'A - Jakisa - Sol - Fesorc,69856a0c001a1fd8431d,,,2014-05-16,Alianza Política de Organizaciones Sociales y Agrupaciones Ciudadanas
,OA,Ing. Saúl Aguilar Torrico,,,"Oruro Avanza se posiciona como una fuerza de Centro-Derecha pragmática. Su discurso no es ideológico, sino enfocado en la infraestructura y modernización. Su lema principal es ""Menos política, más obras"".",#DC143C | #C0C0C0 | #FFFFFF,Alianza Oruro Avanza,69856a0c002b060c4b75,"Calle Bolívar, cercanías de la Plaza 10 de Febrero, Oruro",Saúl Aguilar Torrico,2018-11-11,Alianza Política Departamental / Municipal.
,AJT,Consejo de Gobierno del Ayllu Jilanko Tayaquira,1300,Izquierda,"Organización indígena originaria que representa al ayllu Jilanko Tayaquira, con base en comunidades del departamento de Oruro. Busca garantizar la participación política de los ayllus en procesos subnacionales y municipales, promoviendo la autonomía indígena y la defensa de los territorios ancestrales",#8B0000 | #FFD700 | #006400,Ayllu Jilanko Tayaquira,69856a0d0011f8ccc281,"Municipio de Challapata, provincia Abaroa, Oruro",,2023-07-13,Regional
,PP,René Joaquino Cabrera,12000,,"Partido político boliviano con presencia nacional, surgido en la década de 1990 como una fuerza que impulsó la descentralización y la participación ciudadana en la gestión pública. Mantiene su registro vigente ante el Tribunal Supremo Electoral y participa en procesos nacionales y subnacionales",#0055A4 | #FFD700 | #FFFFFF,Participación Popular,69856a0d00130ebdf437,"Ciudad de La Paz, Bolivia",,1993-04-21,Nacional
https://appwrite.sociest.org/v1/storage/buckets/6982cf7700216a840bcf/files/69ab370a002cf8a9b053/view?project=697ea96f003c3264105c,MTS,6985a337003a8c5d5979,110.008,Centro izquierda a izquierda,"Partido político boliviano, con personería jurídica reconocida en 2017/2018, liderado por Félix Patzi. Busca posicionarse como una alternativa política, enfocándose en la transformación educativa",#a08060;#006020,Movimiento Tercer Sistema,69856a0e0036c8fc4357,"Av. 16 de Julio N° 100 Zona Ballivian, El Alto.",6985a337003a8c5d5979,2010-03-21,Partido nacional con alcance nacional
,MCSFA,Ricardo Choque,1100,,"Agrupación ciudadana conformada en el departamento de Oruro, con énfasis en la representación política de la ciudad de Oruro (históricamente conocida como San Felipe de Austria). Busca fortalecer la gestión municipal y promover proyectos de desarrollo urbano y cultural",#0055A4 | #FFD700 | #FFFFFF,"Movimiento Ciudadano ""San Felipe De Austria""",69856a0f001d97213cde,"Impulsar el desarrollo urbano de Oruro mediante proyectos de infraestructura, promoción cultural y fortalecimiento de la participación ciudadana en la gestión municipal",,2024-08-16,Municipal
,LEAL,Silvia Quispe,1200,,Agrupación ciudadana conformada en el departamento de Oruro con el objetivo de fortalecer la representación política en el ámbito municipal y departamental. Se centra en la acción comunitaria y en la construcción de proyectos de desarrollo local con énfasis en la ética pública,#0055A4 | #FFD700 | #FFFFFF,Lucha Estratégica De Acción Local,69856a0f0025d23fd66e,"Ciudad de Oruro, departamento de Oruro",,2024-09-26,Departamental
https://appwrite.sociest.org/v1/storage/buckets/6977a8d8001f6558aa42/files/697b8f800014cbd0fc4e/view?project=6977a7f000062ad2847d,LIBRE,Jorge Quiroga Ramirez,,Derecha a Extrema derecha,,#e00000;#204080,Libertad Y República,69856a10000c47c22985,,Jorge Quiroga Ramirez,2024-12-17,Partido politico con alcance nacional
https://appwrite.sociest.org/v1/storage/buckets/6977a8d8001f6558aa42/files/697b8d50000ed4fffdb2/view?project=6977a7f000062ad2847d,APB - SÚMATE,Manfred Reyes Villa,111467,Centro derecha a Derecha,,#400060 | #e00000,Autonomía Para Bolivia Súmate,69856a10003344a108da,,Manfred Reyes Villa,2024-12-13,
,UQ,Consejo de Gobierno de Unión Qhamacha,1500,Izquierda,Organización indígena originaria con base en comunidades del departamento de Oruro. Representa a sectores campesinos y ayllus que buscan fortalecer la autonomía indígena y garantizar la participación política de las comunidades en procesos subnacionales,#006400 | #FFD700 | #8B0000,Union Qhamacha,69856a1100074f6f0785,"Ciudad de Oruro, departamento de Oruro",,2023-06-22,Departamental
,APO,Javier Flores,2200,Centro a izquierda,"- Agrupación ciudadana departamental que forma parte del bloque político nacional Patria, constituido en 2025. Su objetivo es consolidar un frente amplio en Oruro que impulse la unidad nacional, la transparencia institucional y el desarrollo económico con justicia social",#003366 | #FFD700 | #FFFFFF,Alianza Patria Oruro,69856a11002f2f36511e,"Ciudad de Oruro, departamento de Oruro",,2025-12-15,Departamental
,AUP,Luis Alberto Arce Gómez,8500,,"Agrupación política conformada como alianza de organizaciones sociales y ciudadanas en 2025, con el objetivo de consolidar un frente amplio que represente a diversos sectores populares. Se presenta como alternativa nacional y departamental en las elecciones de 2026",#0055A4 | #FFD700 | #FFFFFF,Alianza Unidos Por Los Pueblos,69856a120030b39ea7bf,"Ciudad de La Paz, Bolivia",,2025-11-19,Nacional
,SO,Marcelo Condori,1400,,Agrupación ciudadana departamental que surge en Oruro con el objetivo de fortalecer la representación política local y promover proyectos de desarrollo integral. Obtuvo personería jurídica en 2025 y participa en las elecciones subnacionales de 2026,#800000 | #FFD700 | #FFFFFF,Somos Oruro,69856a130000e493aaa4,"Ciudad de Oruro, departamento de Oruro",,2025-05-11,Departamental
,JMTC,Consejo de Gobierno de la Marka Tapakari ,1600,Izquierda,"Organización indígena originaria que representa a las comunidades de la Marka Tapakari, con base en la región de Cóndor Apacheta (departamento de Oruro). Busca garantizar la participación política de los ayllus en procesos subnacionales y municipales, promoviendo la autonomía indígena y la defensa de los territorios ancestrales",,Jach'A Marka Tapakari Condor Apacheta,69856a130015d6836b49,"Municipio de Tapakari, provincia Cercado, Oruro",,2022-05-18,Regional
https://appwrite.sociest.org/v1/storage/buckets/6977a8d8001f6558aa42/files/697b8fbd001e3d1b5c0c/view?project=6977a7f000062ad2847d,MNR,Johnny Tórrez,,Centro derecha a derecha,,#c02080 ;#ffffff,Movimiento Nacionalista Revolucionario,69856a14002186037c5d,,Víctor Paz Estenssoro - Hernán Siles Zuazo - Carlos Montenegro - Wálter Guevara - José Cuadros Quiroga,1942-06-07,Partido con alcance nacional
,,Rubén Costas Aguilera.,,Derecha a extrema derecha,"El Movimiento Demócrata Social (MDS), generalmente conocido como Demócratas, es un partido político liberal-conservador de Bolivia fundado por el exgobernador de Santa Cruz, Rubén Costas Aguilera.  Fue fundado en 2013 como oposición al gobierno de Evo Morales, conformándose como el principal partido opositor en Bolivia, participando en coalición Frente de Unidad Nacional en las elecciones generales de 2014. Ejerció el poder ejecutivo desde 12 de noviembre de 2019 hasta el 8 de noviembre de 2020 tras la crisis política surgida en dicho año.",,Movimiento Democrata Social,69856a14003b35fe2784,"Av. Mutualista 90 esq. Calle 16, Santa Cruz de la Sierra, Bolivia",Rubén Costas Aguilera.,2013-04-25,
,MOP,Julio César Mamani,2600,Izquierda,"Agrupación política conformada por sectores populares y comunitarios, con énfasis en la representación de barrios urbanos y comunidades rurales. Busca fortalecer la participación ciudadana en la gestión pública y promover políticas de inclusión social",#DC143C | #FFD700 | #000000,Movimiento De Organización Popular,69856a15003e79265df4,"Ciudad de Potosí, departamento de Potosí",,2023-06-20,Departamental
,CGJAP,Consejo de Gobierno del Ayllu Parantaca ,1200,Izquierda,"Organización indígena originaria que representa al ayllu Parantaca, con base en comunidades del departamento de Potosí. Busca garantizar la participación política de los ayllus en procesos subnacionales y municipales, promoviendo la autonomía indígena y la defensa de los territorios ancestrales",#8B0000 | #FFD700 | #006400,"Consejo De Gobierno Jayun Ayllu
Parantaca",69856a16003c48d777e3,Consejo de Gobierno del Ayllu Parantaca ,,2021-03-15,
,CAOC,Julián Quispe Mamani,2500,Izquierda,"Organización política de base indígena en el departamento de Potosí, conformada por ayllus originarios de la región de Chaqui. Su objetivo es garantizar representación política de comunidades originarias en procesos subnacionales y municipales",#7A3E00 | #FFD700 | #008000,Consejo De Ayllus Originarios De Chaqui,69856a16002e81219366,"Municipio de Chaqui, provincia Cornelio Saavedra, Potosí",,2018-07-16,Regional
,CONCH-W,Consejo de Caciques de la Nación Chichas,1400,Izquierda,"Organización indígena originaria que representa a la Nación Chichas, con base en la región de Wisijsa, departamento de Potosí. Busca garantizar la participación política de las comunidades chicheñas en procesos subnacionales y municipales, promoviendo la autonomía indígena y la defensa de los territorios ancestrales",#8B0000 | #FFD700 | #006400,Consejo Originario De La Nación Chichas -Wisijsa,69856a17000d6d1faeb1,"Municipio de Cotagaita, provincia Nor Chichas, Potosí",,2022-08-19,Regional
,,Rene Joaquino,,Centro izquierda,"La intención de este partido es establecer la igualdad de derechos en los ciudadanos bolivianos, en 2009 aunque en poca frecuencia se ha extendido hacia otros departamentos, aunque en el Departamento de Potosí obtuvo el segundo lugar después del Movimiento al Socialismo (MAS) de Evo Morales, también ha tenido un poco de crecimiento en los Departamentos de Oruro, Cochabamba, Chuquisaca y en la ciudad de El Alto, Departamento de La Paz. Tras la retirada de Joaquino de la alcaldía su partido fue la base principal para las elecciones presidenciales, al obtener entre el 2,31% ha logrado ingresar al parlamento con dos diputados.",,Alianza Social,69856a170020701d9aad,Potosí,Rene Joaquino,2004-10-10,
https://appwrite.sociest.org/v1/storage/buckets/6977a8d8001f6558aa42/files/697b90800028e331e540/view?project=6977a7f000062ad2847d,NGP,Edgar Uriona Veizaga,135.031,Centro a centro derecha,,#00c0e0 | #fb9c1c,Nueva Generación Patriótica,69856a1800240223643c,"C. Nicolas Acosta, San Pedro, La Paz",Edgar Uriona Veizaga,2024-08-13,
,APP,Miguel Ángel Flores,1700,,Agrupación ciudadana conformada en el departamento de Potosí con el objetivo de impulsar un proyecto político de renovación y desarrollo integral. Se presenta como una alternativa departamental que busca fortalecer la institucionalidad y promover la participación ciudadana en la gestión pública,#003366 | #FFD700 | #FFFFFF,Alianza Proyecto País,69856a19001fdde6b580,"Ciudad de Potosí, departamento de Potosí",,2024-09-21,Departamental
,CSUTO-Chayanta,Rufino Choque Huanca,2300,,"Organización sindical indígena originaria que representa a los ayllus de la provincia Chayanta, en el departamento de Potosí. Su objetivo es garantizar la participación política de las comunidades campesinas y originarias en procesos subnacionales, defendiendo la tierra, los recursos naturales y la autonomía comunitaria",#006400 | #FFD700 | #8B0000,"Central Sindical Unica Trabajadores
Originarios Ayllus De La Provincia
Chayanta",69856a1900377c6812b2,"Municipio de Colquechaca, provincia Chayanta, Potosí",,2019-07-23,Regional
,CAOP,Liderazgo colegiado de caciques originarios,2000,Izquierda,"Organización indígena originaria campesina que representa a diversas naciones y ayllus del departamento de Potosí, incluyendo Qara Qara, Quillacas, Gran Lipez, Karangas y Chichas. Busca garantizar la participación política de las comunidades originarias en procesos subnacionales y municipales, promoviendo la autonomía indígena y la defensa de los territorios ancestrales",#8B0000 | #FFD700 | #006400,Concejo De Ayllus Originarios De Potosi,69856a1a0012ad89ffe6,"Ciudad de Potosí, departamento de Potosí",,2025-12-07,Departamental
,SP,Jaime Flores,1500,,"Agrupación ciudadana departamental que obtuvo personería jurídica en abril de 2025. Se presenta como una alternativa política en el ámbito municipal y departamental de Potosí, con el objetivo de fortalecer la representación ciudadana y promover proyectos de desarrollo local",,Somos - Potosí,69856a1a002cd63b11a9,,,2025-04-16,Departamental
,APH,Félix Quispe Choque,1100,Izquierda,Organización política indígena con base en comunidades originarias del departamento de Potosí. Representa a los ayllus de la región Phari y busca garantizar la participación directa de las comunidades en procesos electorales municipales y departamentales,#006400 | #FFD700 | #8B0000,Ayllu Phari,69856a1b002b07fbe42f,"Municipio de Tupiza, provincia Sud Chichas, Potosí",,2020-05-13,Regional
,ACAPP,Francisco Apolinar Pumari Quispe,900,,"Organización indígena originaria con base en el ayllu Pati Pati, en el departamento de Potosí. Obtuvo personería jurídica recientemente y participa por primera vez en elecciones municipales en 2026. Representa a comunidades originarias vinculadas al territorio del aeropuerto de Potosí y busca garantizar representación política propia en el ámbito local",#006400 | #FFD700 | #8B0000,Asociación Comunitaria Ayllu Pati Pati,69856a1c00226bb69f6b,"Ciudad de Potosí, departamento de Potosí",,2025-12-29,
,APU,Rodrigo Paz Pereira,6000,Centro a izquierda,"- Alianza Patria Unidos es parte del bloque político Patria, conformado en 2025 por diversas agrupaciones como Primero la Gente, el Movimiento de Izquierda Revolucionaria (MIR), Unidad Nacional y Creemos. Su objetivo es consolidar un frente amplio que impulse la transformación política y social en Bolivia, con énfasis en la unidad nacional y el desarrollo regional",#003366 | #FFD700 | #FFFFFF,Alianza Patria Unidos,69856a1c003893c9065b,"Ciudad de La Paz, Bolivia",,2025-12-16,Nacional
https://appwrite.sociest.org/v1/storage/buckets/6982cf7700216a840bcf/files/6998c8d20000a20fa568/view?project=697ea96f003c3264105c,FAU,,,,"Aunque no es un partido de alcance nacional, el FAU actúa como una plataforma para los ciudadanos del Valle de la Concepción (Uriondo) que buscan representación política enfocada en las necesidades de las comunidades rurales y el desarrollo económico regional.",#008F39,Frente Agropecuario Unido,69856a1d001ba77fc55d,,,,Es una Agrupación Ciudadana de alcance municipal
https://appwrite.sociest.org/v1/storage/buckets/6982cf7700216a840bcf/files/6999ce59001e9831ad91/view?project=697ea96f003c3264105c,ISA,Carlos Brú Cavero,"Supera los 20,000 simpatizantes activos.",Regionalismo / Autonomismo (Centro-Derecha),"ISA nace como una respuesta localista en la región del Gran Chaco. Su discurso se centra en la autonomía regional, la seguridad ciudadana y la gestión de recursos provenientes de las regalías petroleras.",#0000FF,Integracion Seguridad Y Autonomia,69856a1d000c07e5ba71,,Carlos Brú Cavero,2014-09-21,Agrupación Ciudadana
https://appwrite.sociest.org/v1/storage/buckets/6982cf7700216a840bcf/files/6999cf020007a97c000a/view?project=697ea96f003c3264105c,CDC,Mario Adel Cossío Cortez,"Superando los 15,000 registros en sus periodos de mayor auge.",Centro-derecha / Regionalismo / Autonomismo,Es la organización que lideró el proceso autonómico en Tarija a mediados de la década del 2000. Su base ideológica es el autonomismo departamental y la defensa de los recursos naturales (hidrocarburos) frente al gobierno central.,#FF0000 | #008000 | #FFFFFF,Camino Democratico Para El Cambio,69856a1e000cac760d41,,Mario Adel Cossío Cortez,2009-07-03,Agrupación Ciudadana Departamental
https://appwrite.sociest.org/v1/storage/buckets/6982cf7700216a840bcf/files/6999d042002beb6bbcac/view?project=697ea96f003c3264105c,AIR,Juan Carlos Castillo Vacaflor,Aproximadamente son 2000 inscritos legalmente,Regionalismo Chaqueño / Integración.,"Se rige por la ""Asamblea Regional"" y un ""Comité Político Regional"" que debe contar con representantes de los tres municipios chaqueños (bajo un criterio proporcional de 30 delegados: 18 de Yacuiba, 9 de Villa Montes y 3 de Caraparí).",#87CEEB | #8DB600,Alianza De Integración Regional,69856a1f00049bd84044,"C/ Martín Barroso esquina Hugo Salazar N° 2802, Municipio de Yacuiba.",,,Agrupación Ciudadana de alcance Regional
https://appwrite.sociest.org/v1/storage/buckets/6982cf7700216a840bcf/files/6999efd8001414c68eea/view?project=697ea96f003c3264105c,UNIR,Oscar Gerardo Montes Barzón,"Estimándose su base dura en unos 15,000 a 20,000 militantes registrados en todo el departamento de Tarija.",Centro-derecha / Regionalismo / Pragmatismo,"UNIR es una agrupación profundamente pragmática y de perfil autonomista que supo consolidar una ""hegemonía municipal"" en la ciudad de Tarija durante casi 15 años. Su discurso no es fuertemente ideologizado, sino que se basa en el desarrollo urbano, la gestión de obras (""cemento"") y alianzas tácticas con diversos sectores (desde el sector gremial hasta el transporte).",#008000 | #FFA500,Unidos Para Renovar,69856a1f0008f70494ca,,Oscar Gerardo Montes Barzón,,Agrupación Ciudadana de alcance Departamental
https://appwrite.sociest.org/v1/storage/buckets/6982cf7700216a840bcf/files/6999f05e0005ed75ae91/view?project=697ea96f003c3264105c,S-CHACO (o simplemente SOMOS CHACO),Wilman Cardozo Surriable,"Aproximadamente 3,500",Regionalismo / Autonomismo / Centro.,Se define como una organización defensora de la identidad chaqueña. Su principal bandera es la consolidación de la Autonomía Regional y la gestión directa de los recursos económicos del Chaco sin pasar por la administración central de la capital (Tarija).,#000000 | #FFD700,Somos Chaco,69856a20001a17b53156,,Wilman Cardozo Surriable,,Agrupación Ciudadana de alcance Regional
https://appwrite.sociest.org/v1/storage/buckets/6982cf7700216a840bcf/files/6999f11f00204414ced2/view?project=697ea96f003c3264105c,MATE,Tatiana Meneses Flores,"Aproximadamente 1,800",Regionalismo / Autonomismo / Desarrollo Social,"Se presenta como una alternativa joven frente a los líderes tradicionales del Chaco (como Wilman Cardozo o Carlos Brú). Su discurso se enfoca en la creación de empleo (""Trabajo"") y la consolidación de la autonomía regional con una visión de futuro (""Esperanza"").",#E1AD01 | #008000,Movimiento Autonomista De Trabajo Y Esperanza,69856a20000c21943871,"Av. Montenegro esq. Manchego, Barrio Ferroviario (Yacuiba)","MATE se registró bajo un modelo de liderazgo colectivo, pero Tatiana Meneses es quien figura legalmente como la fundadora principal.",,Agrupación Ciudadana Regional
https://appwrite.sociest.org/v1/storage/buckets/6982cf7700216a840bcf/files/6999f1de000a6ce31b3a/view?project=697ea96f003c3264105c,CCGT,Justino Zambrana,,Indigenismo / Autogobierno Comunitario,"Es la máxima instancia de representación orgánica, política y social de la Nación Guaraní en el departamento de Tarija. Su función principal es la defensa del territorio, la identidad cultural y la gestión de los recursos naturales en las zonas de O'Connor (Entre Ríos) y el Gran Chaco.",#FF0000 | #FFFF00 | #008000,Consejo De Capitanes Guarani De Tarija,69856a21000f07aeb61c,,,1989-11-11,Organización Indígena (NPIOC)
https://appwrite.sociest.org/v1/storage/buckets/6982cf7700216a840bcf/files/6999f3710009e3ba9cd2/view?project=697ea96f003c3264105c,"El nombre oficial y registrado ante el Órgano Electoral es ""Primero la Gente"" (PG)",Rodrigo Paz Pereira,"Aproximadamente 18,000",,"Se fundó bajo la premisa de ""la gente antes que el cemento"", enfocando su discurso en el desarrollo humano, la salud y el agua, distanciándose de la gestión de obras físicas masivas. Es una organización que combina cuadros técnicos jóvenes con la experiencia política del ala renovadora del mirismo.",#FF8C00,Primero Tarija,69856a220021036115a5,,Rodrigo Paz Pereira,2018-08-13,Agrupación Ciudadana Departamental
https://appwrite.sociest.org/v1/storage/buckets/6982cf7700216a840bcf/files/6999f3f80003da6f778b/view?project=697ea96f003c3264105c,PATRIA,Rodrigo Paz Pereira,,Centro / Federalismo / Liberalismo moderado,"Es una plataforma de ""unidad amplia"" que busca superar la fragmentación de la oposición. Su discurso se centra en la recuperación económica, la autonomía departamental real y la reforma del sistema judicial. En Tarija, es la estructura que respalda la continuidad de los proyectos iniciados por agrupaciones como PG y UNIR dentro del bloque de unidad.",#FF7F32 | #203D7F | #008000,Unidad Por La Patria,69856a2200335613aef5,,Samuel Doria Medina (Unidad Nacional - UN).Rodrigo Paz Pereira (Primero la Gente - PG).  Luis Fernando Camacho (Creemos).  Liderazgos de Sol.bo y disidencias del MIR.,2024-12-19,Alianza Política (Nacional con fuerte base Departamental)
https://appwrite.sociest.org/v1/storage/buckets/6982cf7700216a840bcf/files/6999f58e0028dac8e71b/view?project=697ea96f003c3264105c,CPEM-B,Yeri Diez Palma,,,"Es una organización que lucha por la Autonomía Indígena de Base Territorial. Su principal bandera es el derecho a la consulta previa, libre e informada sobre proyectos que afecten sus territorios.",#008037 | #FFFFFF,Central De Pueblos Etnicos Mojeños Del Beni,69856a230029f0de3083,"Trinidad, Beni (Calle 6 de Agosto)",Líderes históricos como Ernesto Noe (considerado uno de los padres del movimiento indígena de tierras bajas),1987-08-29,Organización Indígena (NPIOC)
https://appwrite.sociest.org/v1/storage/buckets/6982cf7700216a840bcf/files/6999f630000301a7d084/view?project=697ea96f003c3264105c,NACER,Kasandra de la Quintana,"Cuenta con aproximadamente 12,500",Regionalismo / Autonomismo / Inclusión Indígena,"Se define como una agrupación ciudadana de carácter departamental, pluralista y multiétnica. Su principio fundamental es la ""Estructura Política Unitaria"" basada en el acoplamiento de poderes territoriales, rechazando el centralismo totalizador.",#00BFFF | #FFFFFF,Nacionalidades Autónomas Por El Cambio Y Empoderamiento Revolucionario,69856a230006d9e42df9,,"Fue impulsada originalmente por un bloque de líderes cívicos y sociales de las provincias benianas, destacando la figura de Kasandra de la Quintana",2004-06-13,Agrupación Ciudadana Departamental
https://appwrite.sociest.org/v1/storage/buckets/6982cf7700216a840bcf/files/6999f766002dd67c9976/view?project=697ea96f003c3264105c,F.S.D.,Marco Antonio Aguilera Ueno,"Aproximadamente 5,800",,"Es una organización política que promueve la Socialdemocracia adaptada a la realidad del oriente boliviano. Su enfoque principal es la búsqueda del equilibrio entre el crecimiento económico y la justicia social, priorizando la inversión en servicios públicos y la transparencia administrativa.",#006633 | #FFFFFF,Fuerza Social Demócrata,69856a240021a2da9acf,"Calle Nicanor Gonzalo Salvatierra, Riberalta (Beni)",Marco Antonio Aguilera Ueno,,Agrupación Ciudadana Municipal / Departamental
https://appwrite.sociest.org/v1/storage/buckets/6982cf7700216a840bcf/files/699a3678002160b2b809/view?project=697ea96f003c3264105c,ODA,Cristhian Cámara Arratia,"Aprox. 15,500",Centroderecha / Productivismo Regional,"ODA se define como una fuerza ""post-ideológica"" que prioriza la seguridad jurídica y el fomento a la exportación. Su nombre resume su plan de gobierno: Orden (institucionalidad y lucha contra la burocracia) y Desarrollo (infraestructura vial para conectar la Amazonía con el resto del país y mercados internacionales).",#0047AB | #C0C0C0,Orden Y Desarrollo Amazonico,69856a2400398d6a1da5,,Cristhian Cámara Arratia,2023-04-15,Agrupación Ciudadana Departamental
https://appwrite.sociest.org/v1/storage/buckets/6982cf7700216a840bcf/files/6999fa64002b51bf6adb/view?project=697ea96f003c3264105c,V.M.S.,Félix Santos,"22,000 aprox",Izquierda Social / Movimentismo Popular,"V.M.S. se describe a sí misma como un instrumento de ""democracia directa y callejera"". Su ideología no se basa en teorías clásicas, sino en la Movilización Social como método de gestión: creen que las obras y leyes deben nacer de la presión organizada de los barrios.",#8B0000 | #353839,Vanguardia Movilización Social,69856a25003610917a19,"Av. Sánchez Lima (Sopocachi), La Paz",Félix Santos,2021-10-13,Agrupación Ciudadana Departamental / Municipal
https://appwrite.sociest.org/v1/storage/buckets/6982cf7700216a840bcf/files/699a0218003972a72adc/view?project=697ea96f003c3264105c,TUFE,,"18,000 aprox.",Centro / Pragmatismo Regional,"TUFE se define como una organización de ""resultados rápidos"". Su filosofía política se aleja de las discusiones ideológicas tradicionales de izquierda o derecha, enfocándose en lo que ellos llaman ""Gestión de Transformación Directa"".",#0000FF | #FFFFFF,Transformación Unidad Fuerza Y Esperanza,69856a26001d7b5625d0,,Christian Cámara Arratia,2023-01-11,Agrupación Ciudadana Departamental
https://appwrite.sociest.org/v1/storage/buckets/6982cf7700216a840bcf/files/699a452b00352f785ba8/view?project=697ea96f003c3264105c,VAMOS,Erik David Mollinedo,"4,200 aprox.",Regionalismo / Pragmatismo de Gestión Local,"VAMOS se define como una organización ""municipalista"" que prioriza la obra física y el bienestar inmediato del ciudadano por encima de los debates ideológicos. Su descripción doctrinaria se basa en el Progreso Sostenible, buscando que el departamento de Pando deje de depender exclusivamente de la administración pública y se convierta en un polo comercial aprovechando la frontera con Brasil.",#FFD700 | #000080,Vamos Por El Progreso,69856a26003ccf3f3d40,,Gatty Ribeiro,2014-09-13,Agrupación Ciudadana Municipal / Departamental
,EL BENI HOY (A veces referida simplemente como HOY o como HAY BENI),Alejandro Unzueta Shiriqui,"24,500 aprox.",Regionalismo Humanista / Pragmatismo Social.,"El Beni Se Desarrolla Hoy se describe como un movimiento de ""reivindicación departamental"". Su ideología se aleja de la política tradicional y se centra en el humanismo práctico. Su lema principal ha sido la salud gratuita y la ""revolución del asfalto"", enfocándose en proyectos de infraestructura masiva para sacar al Beni del aislamiento.",#008000 | #0047AB | #FFFFFF,El Beni Se Desarrolla Hoy,69856a27002575aada8e,,Dr. Alejandro Unzueta Shiriqui,2020-10-15,Agrupación Ciudadana Departamental
https://appwrite.sociest.org/v1/storage/buckets/6982cf7700216a840bcf/files/699a4735000375149423/view?project=697ea96f003c3264105c,A.A.G.P.,Ariel Limpias Olmos,"Aprox. 1,800 inscritos",Localismo / Desarrollo Productivo Rural,"A.A.G.P. es una organización ""hiper-localista"". Su doctrina no se pierde en debates nacionales, sino que se centra en la autonomía de gestión del municipio. Su descripción política se basa en la defensa de los precios de la castaña y la mejora de las rutas fluviales y terrestres que conectan a Puerto Gonzalo Moreno con Riberalta (Beni) y Cobija.",#228B22 | #FFFFFF,Autentica Alianza Gonzaleña Y Pandina,69856a270001aa89f3bc,,Ariel Limpias Olmos,2014-09-02,Agrupación Ciudadana Municipal
https://appwrite.sociest.org/v1/storage/buckets/6982cf7700216a840bcf/files/699a0807000751a33ca1/view?project=697ea96f003c3264105c,PATRIA-PP,Rodrigo Paz Pereira,"12,800 aprox.",Centro / Federalismo Productivo,"Unidos Por La Patria-Primero Pando se posiciona como el ""puente de oro"" entre Cobija y La Paz. Su discurso central es la Autonomía Productiva: proponen que Pando deje de depender del presupuesto central y empiece a generar divisas a través de la industrialización de la castaña y el turismo ecológico de lujo.",#FF7F32 | #008A45 | #FFFFFF,Unidos Por La Patria-Primero Pando,69856a2800234deaf96d,,Regis Richter,2025-04-04,Alianza Política (Nacional-Departamental)
https://appwrite.sociest.org/v1/storage/buckets/6982cf7700216a840bcf/files/699a08b0001ef714d4dd/view?project=697ea96f003c3264105c,MDA,Ivannia Villavicencio Terrazas,"Aprox. 4,800 inscritos",Regionalismo / Autonomismo de Centro,"El MDA se define como una agrupación ciudadana sin fines de lucro que sustenta su accionar en la legitimidad democrática y la autonomía de gestión. Su filosofía política rechaza el centralismo y promueve que las decisiones sobre los recursos naturales de Pando (castaña, madera, caucho) sean tomadas por los propios pandinos.",#FFD700 | #008000,Movimiento Democrático Autonomísta,69856a28003039d2a19c,,"Frite Quiroga Velasco, Jordania Dominguez Ecuare y José Sebastian fueron los mas destacados",2016-06-16,Agrupación Ciudadana Departamental
https://appwrite.sociest.org/v1/storage/buckets/6982cf7700216a840bcf/files/699a0a7f001b406146dc/view?project=697ea96f003c3264105c,FE,Marco Antonio Sahonero,"8,500 aprox.",Centro / Humanismo Social,"Fuerza y Esperanza (FE) se define como una ""organización de principios humanistas y democráticos"". Su doctrina se basa en el Capital Humano, sosteniendo que el desarrollo de Chuquisaca no depende solo de la explotación de hidrocarburos, sino de la educación y el emprendimiento joven.",#FF4500 | #000080 | #FFFFFF,Futuro  Y Esperanza,69856a29002ae7d5fbce,,Marco Antonio Sahonero y Lourdes Millares fueron los mas destacados,2014-08-06,Agrupación Ciudadana Departamental
https://appwrite.sociest.org/v1/storage/buckets/6982cf7700216a840bcf/files/699a0b2a00024bf99344/view?project=697ea96f003c3264105c,FSUTCP,Verónica Álvarez ,5000,Izquierda,"Organización sindical y política que representa a comunidades campesinas del departamento de Pando. Participa en procesos electorales subnacionales y municipales, además de articular demandas sociales en torno a tierra, producción agrícola y derechos colectivos",#228B22 | #FFD700 | #8B0000,Federacion Sindical Unica De Trabajadores Campesinos De Pando,69856a2a002a4e05f579,"Ciudad de Cobija, departamento de Pando",,1983-06-27,Departamental
https://appwrite.sociest.org/v1/storage/buckets/6982cf7700216a840bcf/files/699a48b1002bba1921f6/view?project=697ea96f003c3264105c,LIBRE,Jorge Tuto Quiroga,4500,Centro a derecha,"- Libre Pando es una organización política departamental vinculada a la alianza nacional Libre, impulsada por Jorge Tuto Quiroga. En Pando se consolidó como agrupación ciudadana con el objetivo de fortalecer la institucionalidad democrática y promover el desarrollo regional con participación activa de sectores urbanos y rurales",#0055A4 | #FFD700 | #FFFFFF,Libre Pando,69856a2a001df8cc4b4b,"Ciudad de Cobija, departamento de Pando",,2024-12-13,Departamental
https://appwrite.sociest.org/v1/storage/buckets/6982cf7700216a840bcf/files/699a494f00126df320e8/view?project=697ea96f003c3264105c,XS-CH,Juan Manuel Paco,1200,,"Agrupación ciudadana departamental que surge en Chuquisaca con el objetivo de renovar liderazgos, fortalecer la ética en la función pública y promover el desarrollo integral del departamento. Obtuvo personería jurídica en 2025 y está habilitada para participar en las elecciones subnacionales de 2026",#800000 | #FFD700 | #FFFFFF,Por Siempre Chuquisaca,69856a2b002df0d86762,"Ciudad de Sucre, departamento de Chuquisaca",,2025-04-09,Departamental
,CCMPSL-NQQ,,1800,Izquierda,"Organización indígena originaria campesina de la Nación Qhara Qhara, con base en el municipio de San Lucas (Chuquisaca). Busca garantizar la representación política de los ayllus y caciques de la Marka Payaqullu en procesos subnacionales, promoviendo la participación comunitaria y la defensa de la autonomía indígena",#8B0000 | #FFD700 | #006400,Concejo De Caciques Marka Payaqullu - San Lucas Nación Qhara Qhara,69856a2b00144fd6a706,"Municipio de San Lucas, provincia Nor Cinti, Chuquisaca",,2021-06-05,Regional
https://appwrite.sociest.org/v1/storage/buckets/6982cf7700216a840bcf/files/699a0cfd0003ee574d46/view?project=697ea96f003c3264105c,AGN,Rodrigo Fernández Quispe,,,"AGN se presenta como una fuerza política de renovación, integrada por jóvenes profesionales, sectores urbanos y asociaciones vecinales que buscan superar la polarización tradicional. Su discurso se centra en la modernización del Estado, la transparencia en la gestión pública y la descentralización administrativa.",#2196F3 | #FFFFFF | #616161 | #43A047,Alianza Gente Nueva,69856a2c001cc1a9dd37,"La Paz, Bolivia.",,2024-03-19,Nacional
https://appwrite.sociest.org/v1/storage/buckets/6982cf7700216a840bcf/files/699a4b3a0007cfe31ff4/view?project=697ea96f003c3264105c,ACOIP,Julián Choque Huallpa,,,"ACOIP es una organización política que surge desde las comunidades originarias de Poroma, con el objetivo de garantizar representación directa de pueblos indígenas en la gestión municipal y departamental. Su discurso se centra en la defensa de la autonomía indígena, la preservación cultural y el control comunitario de los recursos naturales.",#6D4C41 | #2E7D32 | #FBC02D | #FFFFFF,Asociación De Comunidades Originarias E Indígenas De Poroma,69856a2c0017fad6554c,"Poroma, Chuquisaca.",,,Municipal
https://appwrite.sociest.org/v1/storage/buckets/6982cf7700216a840bcf/files/699a4c4d003a5060e499/view?project=697ea96f003c3264105c,FUERZA,,,,"FUEZA se presenta como una organización política de carácter ciudadano que busca fortalecer la representación zonal y la autonomía municipal. Su discurso se centra en el empoderamiento de barrios y distritos, con énfasis en la gestión directa de recursos y proyectos por parte de las comunidades. Se define como un movimiento que prioriza la participación vecinal y la descentralización administrativa.",#0D47A1 | #FFFFFF | #FBC02D | #388E3C,Faro De Union Con Empoderamiento Y Representacon Zonal Autonomica,69856a2d0036ebb13720,"Sucre, Chuquisaca.",,2025-01-10,Departamental
https://appwrite.sociest.org/v1/storage/buckets/6982cf7700216a840bcf/files/699a0fc0000c39f51471/view?project=697ea96f003c3264105c,CR,Enrique Leaño,,Centro a Izquierda,"Agrupación ciudadana surgida en Sucre, orientada a la renovación política local. Su discurso combina autonomía regional, transparencia y participación vecinal. Se presenta como alternativa frente a los partidos tradicionales, con énfasis en descentralización y control social.",#C62828 | #FFFFFF | #2E7D32,Charcas Revolucionaria,69856a2e0036034d5f73,"Sucre, Chuquisaca.",,,
,,Santos Mamani,,Centro-Izquierda a Izquierda Nacionalista,"Nueva República es una organización política que se presenta en el escenario boliviano como una plataforma de renovación institucional. A diferencia de los partidos tradicionales, su discurso no se centra solo en la economía, sino en la reforma del Estado y la recuperación de la institucionalidad republicana.",#1B5E20 | #FFFFFF | #B71C1C | #FFD600,Nueva República,69856a2e0027376b3f8e,,,2024-05-16,Nacional
https://appwrite.sociest.org/v1/storage/buckets/6982cf7700216a840bcf/files/699a10c30018c74f370b/view?project=697ea96f003c3264105c,PC,Óscar Vargas,,,"Es una organización política de enfoque municipalista nacida en Santa Cruz de la Sierra. Su objetivo principal es la fiscalización del Gobierno Autónomo Municipal y la propuesta de políticas de ordenamiento urbano, transparencia administrativa y seguridad ciudadana local.",#003399 | #FFFFFF | #FF6600,Primero Conce,69856a2f00141c8d53f8,,,,Municipalista
https://appwrite.sociest.org/v1/storage/buckets/6982cf7700216a840bcf/files/699a11ea002baff87749/view?project=697ea96f003c3264105c,SOL,Óscar Vargas,,,"Se define como una plataforma que prioriza la seguridad jurídica y ciudadana, el orden institucional y las libertades individuales. Ha sido un actor crítico a la gestión del MAS y suele buscar alianzas con otros bloques de oposición en el oriente boliviano.",#FF8000 | #003366,"Seguridad, Orden Y Libertad",69856a2f000bb08641d5,,,2009-07-24,Departamental 
https://appwrite.sociest.org/v1/storage/buckets/6982cf7700216a840bcf/files/6997c23f001f88959b12/view?project=697ea96f003c3264105c,LIBRES,Mario Rodrigo Salek Mery,,Liberalismo,"Se trata de una organización política que se fundamenta en el humanismo social y cristiano, sistema orientado a alcanzar una sociedad democrática, deliberativa y participativa con justicia social y una convivencia inspirada en la libertad y respeto a las ideas. ",#ffde00 | #01a601,"Libertad, Renovación Y Solidaridad",69856a300008fe672a55,"Municipio de La Guardia, km 9, Distrito N° 3, barrio 23 de diciembre, UV 001, Manzano 002, lote Nro. 2 del departamento de Santa Cruz.",NA,,Organización política
,MN,,,,,,Modernidad Nacional,69856a30001c309fddee,,,,
https://appwrite.sociest.org/v1/storage/buckets/6982cf7700216a840bcf/files/69987dd40010211aba8f/view?project=697ea96f003c3264105c,SAO-ADN,,,,,#000000 | #0d624f | #e2071b,Sao-Adn,69856a31000a094e1aa8,,,,
https://appwrite.sociest.org/v1/storage/buckets/6982cf7700216a840bcf/files/699884950002139e460a/view?project=697ea96f003c3264105c,SPT,Angélica Sosa,,Centro a centroderecha,"Formada y constituida para promover y encauzar la participación de los ciudadanos, contribuyendo a la formación y manifestación de la voluntad popular, con el objeto de acceder al poder público departamental y municipal.",#ffffff | #0d713b | #dfbe17 | #90da47,Santa Cruz Para Todos,69856a32000f7b15c160,"Provincia Andrés Ibañez, Santa Cruz, Bolivia",Percy Fernández - Angélica Sosa,2009-02-15,Partido departamental con alcance departamental y municipal
https://appwrite.sociest.org/v1/storage/buckets/6982cf7700216a840bcf/files/69988d670038c04e0b31/view?project=697ea96f003c3264105c,VOS,Manuel Saavedra,,,"Nace para defender a la gente común, la que con su trabajo diario sostiene esta ciudad y merece oportunidades reales. VOS es esa fuerza nueva: para volver a creer, para recuperar la esperanza y construir un futuro donde el esfuerzo tenga sentido.",#f00d29 | #07c6e9,V O S,69856a320024e1bbb941,,Manuel Saavedra,,
https://appwrite.sociest.org/v1/storage/buckets/6982cf7700216a840bcf/files/6998956e0037b3aaea40/view?project=697ea96f003c3264105c,PP,,,,"Está concebida como opción plural y democrática, con plena autornomía de decisción para actuar en la vida política municipal del Municipio de Warnes bajo los principios de libertad, solidaridad y dignidad humana, que abraza una causa común de bienestar, desarrollo y progreso para los vecinos.",#ffcb51 | #ffffff,Paz Y Progreso,69856a33003576557fb7,"Municipio de Warnes, Santa Cruz, Bolivia",Nyls Carmona Suárez,2009-11-12,Partido municipal
https://appwrite.sociest.org/v1/storage/buckets/6982cf7700216a840bcf/files/69989f86001b56810c01/view?project=697ea96f003c3264105c,GH,,,Demócrata,"Luchar contra la pobreza y contra la corrupción, promoviendo la eliminación de cualquier forma de discriminación.",#ffff01 | #007401,Guarayos Hoy,69856a33002fcad94cdd,"C. WARNES Nº 716, EDIF. IVES DPTO. 201",Franz Robert Schock Peredo,2009-05-06,
https://appwrite.sociest.org/v1/storage/buckets/6982cf7700216a840bcf/files/6998a73800021a69bd81/view?project=697ea96f003c3264105c,NPC,,,,"El objetivo de NPC es aportar democráticamente a la construcción de la política regional y nacional, asi como promover la participación de las ciudadanas y los ciudadanos en las instituciones políticas nacionales, Departamentales y Municipales, mediante la presentación y apoyo de candidatos en las correspondientes elecciones.",#ffd401 | #00a747,Nuevo Poder Ciudadano,69856a34002a28126dfe,,German Antelo Vaca,,
https://appwrite.sociest.org/v1/storage/buckets/6982cf7700216a840bcf/files/6998afd100101308f3ff/view?project=697ea96f003c3264105c,MATICO,,,,,#f3e601 | #000000,Matieño De Corazón,69856a3400142005b337,,Betty Valdivia Melgar,2009-08-10,
,,,,,,,"Alianza Trabajo, Obras, Desarrollo Integral, Oportunidades Y Seguridad",69856a350029ac345db7,,,,
,,,,,,,"Unión, Democracia Y Oportunidad Social",69856a3500068156725b,,,,
https://appwrite.sociest.org/v1/storage/buckets/6982cf7700216a840bcf/files/6998c13700053150503d/view?project=697ea96f003c3264105c,VPT,,,,,#000000 | #f00d29,Vallegrande Para Todos,69856a360021a8ba78c5,,,,
https://appwrite.sociest.org/v1/storage/buckets/6982cf7700216a840bcf/files/6998c2dd000cd4571694/view?project=697ea96f003c3264105c,APC,,,,Creada exclusivamente para participar por medios lícitos y democráticos en la actividad política del país a través de los diferentes procesos electorales para la conformación de los Poderes Públicos.,#c01c28 | #ffffff,Propuesta Ciudadana,69856a37003898f72e2a,"URBANIZACIÓN SATELITE NORTE DISTRITO III, BARRIO BUENA FE UV 154, CALLE ANDES IBAÑEZ N° 148",Pablo Lopez Jattaco,2018-06-15,Agrupación Ciudadana
https://appwrite.sociest.org/v1/storage/buckets/6982cf7700216a840bcf/files/6999f14400267a3f7b23/view?project=697ea96f003c3264105c,ASIP,,,,,#0299ae | #ffffff | #ff0119,Alianza Solidaria Popular,69856a37000b873ad503,,Robert Rojas Campero,,
,,,,,,,Fuerza Y Esperanza,69856a380022b971a714,,,,
,CREEMOS,,,,,,Creemos,69856a3800031031590a,,,,
,,,,,,,Alianza Creemos Patria,69856a390039f9a37e3e,,,,
,SW,,,,,,Somos Warnes,69856a390021349c80ae,,,,
,,,,,,,Primero Santa Cruz,69856a3a002b0fde88c7,,,,
,UPC,,,,,,Unidos Por Cliza,69856a3b0014e528a2f1,,,,
,,,,,,,Frente Amplio Patriótico,69856a3b0039efac9dfa,,,,
,,,,,,,Cambio Y Renovacion,69856a3c000bc1dc23da,,,,
,,,,,,,Unidos Por Aiquile,69856a3c00083cb9d021,,,,
,UNE,,,,,,Unidad Nacional De Esperanza,69856a3d002f65a2f8fe,,,,
,PPS,,,,,,Proyecto Progresista Social,69856a3d002e4447d0c0,,,,
,,,,,,,Soluciones Con Todos,69856a3e00177790b54c,,,,
,TU,,,,,,Tarata Unida,69856a3f000a31727f09,,,,
,FS,,,,,,Fuerza Social,69856a3f002845974685,,,,
,,,,,,,Unidos-,69856a40002b6e58c8d7,,,,
,,,,,,,Nuevas Ideas,69856a4000312c26fdc2,,,,
,,,,,,,Agrupacion De Renovacion Independiente,69856a41003ca0779969,,,,
,J.A. LLALLA.L.P.,,,,,,Juntos Al Llamado De Los Pueblos,69856a4100200ea0ca3f,,,,
,SICUS,,,,,,Soberanía Indígena Campesina Unidad Y Solidaria - Jiwasan Arusa,69856a420002a30b584c,,,,
https://appwrite.sociest.org/v1/storage/buckets/6982cf7700216a840bcf/files/69ab349b003e37ca7c4c/view?project=697ea96f003c3264105c,V,,,,,,Venceremos,69856a43000b6b998a9a,,,,
https://appwrite.sociest.org/v1/storage/buckets/6977a8d8001f6558aa42/files/697b8daf0024d0e2ed07/view?project=6977a7f000062ad2847d,A.S.P.,,,,,#00a040; #e0e020 | #ffffff,Alianza Social Patriotica,69856a43003d6ba7dcdf,,,,
,ASLP,,,,,,Somos La Paz,69856a4400389cce39ce,,,,
https://appwrite.sociest.org/v1/storage/buckets/6982cf7700216a840bcf/files/69ab338b00100812e231/view?project=697ea96f003c3264105c,UPC,,,,,#c02000;#e0e080,Union Por El Cambio,69856a4400229b95d3d1,,,,
,,,,,,,Recuperemos La Paz,69856a450024c7b44d9c,,,,
https://appwrite.sociest.org/v1/storage/buckets/6977a8d8001f6558aa42/files/697b8f2000297000f3ae/view?project=6977a7f000062ad2847d,IH,,,,,#c080e0 | #ffffff | #99c1f1,Innovacion Humana,69856a4500168f23600a,,,,
https://appwrite.sociest.org/v1/storage/buckets/6977a8d8001f6558aa42/files/697b9225001ce4d84ac4/view?project=6977a7f000062ad2847d,VIDA,,,,,#fb5a3e;#fde465,Vamos Integrando El Desarrollo Autonomico,69856a460029f012ceee,,,,
,MK - PC,,,,,,Movimiento Katarista Poder Comunal,69856a4700238d629e76,,,,
,ASI,,,,,,Accion Social De Integracion,69856a4700203a7820f2,,,,
,,,,,,,Alianza Patria Sol,69856a4800011ed64fc6,,,,
https://appwrite.sociest.org/v1/storage/buckets/6977a8d8001f6558aa42/files/697b9001001f50ae699e/view?project=6977a7f000062ad2847d,MPS,,,,,#2040a0 | #ffffff | #e02020,Movimiento Por La Soberania,69856a480009cfd31e57,,,,
,,,,,,,Taquini Sartasiñani,69856a49000c40473b0d,,,,
https://appwrite.sociest.org/v1/storage/buckets/6977a8d8001f6558aa42/files/697b90ba0026de597c42/view?project=6977a7f000062ad2847d,PATRIA,,,,,#002060 | #ffffff;#e0c040,Alianza Patria La Paz,69856a4900371b3c1bdc,,,,
,,,,,,,Primero-El-Alto,69856a4a0003628eb065,,,,
https://appwrite.sociest.org/v1/storage/buckets/6982cf7700216a840bcf/files/69ab33ed002264f64024/view?project=697ea96f003c3264105c,SPBC,,,,,#20a0a0 | #ffffff;#e02020,Suma Por El Bien Común,69856a4b00337c8b8427,,,,
,PODER - O,,,,,,Poder De Los Pueblos Originarios,69856a4b003b5ace92d6,,,,
https://appwrite.sociest.org/v1/storage/buckets/6982cf7700216a840bcf/files/6993ae07000ddada98fd/view?project=697ea96f003c3264105c,,Gabriel Gutiérrez,,Derecha,,#000000 | #ff0000,Accion Democratica Nacionalista,69856a4c000f918aa98e,,Hugo Banzer,1979-03-23,Partido con alcance nacional
https://appwrite.sociest.org/v1/storage/buckets/6982cf7700216a840bcf/files/699a0cfd0003ee574d46/view?project=697ea96f003c3264105c,AGN,Rodrigo Fernández Quispe,,,"AGN se presenta como una fuerza política de renovación, integrada por jóvenes profesionales, sectores urbanos y asociaciones vecinales que buscan superar la polarización tradicional. Su discurso se centra en la modernización del Estado, la transparencia en la gestión pública y la descentralización administrativa.",#2196F3 | #FFFFFF | #616161 | #43A047,Alianza Gente Nueva,69856a2c001cc1a9dd37,"La Paz, Bolivia.",,2024-03-19,Nacional
,FOR,,,,,,Fuerza Oruro,6998fa5200056171e580,,,,
,SOL ORURO,,,,,,SOL ORURO,6998fa520007e975346b,,,,
,URUS-O,,,,,,UNIDOS POR LA RENOVACION DE UN SUEÑO - ORUREÑO,6998fa520008c21b9404,,,,
,MORENA,,,,,,MOVIMIENTO DE RENOVACIÓN NACIONAL,6998fa520009588cdff5,,,,
,MAS-IPSP,,,,,,MOVIMIENTO AL SOCIALISMO INSTRUMENTO POLITICO POR LA SOBERANIA DE LOS PUEBLOS,6998fa52002114274058,,,,
,DEMOCRATAS,,,,,,MOVIMIENTO DEMOCRATA SOCIAL,6998fa5200226910c323,,,,
,MCSFA,,,,,,MOVIMIENTO CIUDADANO SAN FELIPE DE AUSTRIA,6998fa520022fed88209,,,,
,FIC,,,,,,FUERZA DE INTEGRACION CAMPESINA,6998fa52002389602857,,,,
,LEAL,,,,,,LUCHA ESTRATEGICA DE ACCION LOCAL,6998fa520023f3339e03,,,,
,MATE,,,,,,MOVIMIENTO AUTONOMISTA DE TRABAJO Y ESPERANZA,6998fa52002465ebb8b5,,,,
,AIR,,,,,,ALIANZA DE INTEGRACION REGIONAL,6998fa520024d98b1b73,,,,
,UNIR,,,,,,UNIDOS PARA RENOVAR,6998fa5200257c3c75c7,,,,
,APB SUMATE,,,,,,AUTONOMIA PARA BOLIVIA SUMATE,6998fa520025fff8137c,,,,
,NASUR,,,,,,NUEVA ALIANZA SUR,6998fa5200266875cf21,,,,
,RIOS,,,,,,RENOVACION INTEGRAL O'CONNOR SOMOS,6998fa520026dd97e042,,,,
,TODOS,,,,,,TODOS,6998fa520027474be4d5,,,,
,CDC,,,,,,Camino Democratico para el Cambio,6998fa520027bf7ec99c,,,,
,TPT,,,,,,TARIJA PARA TODOS,699ef0000032c226ebc3,,,,
,BUSCO,,,,,,BENI UN SOLO CORAZÓN,699ef00000332b1cc00f,,,,
,CF,,,,,,CONSTRUYENDO FUTURO,699ef0000033caa3a402,,,,
,H.T.,,,,,,HACIENDOLO POR TRINIDAD,699ef000003425f81605,,,,
,ASJ,,,,,,AVANZA SAN JAVIER,699ef000003470e5dd02,,,,
,MI-PANDO,,,,,,MOVIMIENTO DE INCLUSION PANDO,699ef0000034c4e8a2f3,,,,
,U.P.V.N.,,,,,,UNIDOS POR VILLA NUEVA,699ef000003510ac9eb5,,,,
,F.S.,,,,,,FUERZA SENEÑA,699ef0000035cb287813,,,,
,ACPP,,,,,,PRIMERO PANDO,699ef00000361213b782,,,,
,CI,,,,,,COLUMNA DE INTEGRACION,699ef00000366dc61b44,,,,
,MIC,,,,,,MOVIMIENTO DE INTEGRACION CIUDADANA,699ef00000376a06f6ab,,,,
,A.C.C.,,,,,,CHARCAS,699ef0000037aa51e434,,,,
,LIDER,,,,,,LIBERTAD Y DEMOCRACIA RENOVADORA,699ef00000380b24d070,,,,
,CST,,,,,,CHUQUISACA SOMOS TODOS,699ef00000384299cdf4,,,,
,T.P.C.,,,,,,TODOS POR CAMARGO,699ef000003891bb65b9,,,,
,ACHA,,,,,,ALIANZA CHIQUITANA AUTONOMISTA (ACHA),699ef0000039168aa655,,,,
,NEGRO'S,,,,,,NUESTROS EXITOS GOBERNANDO Y REALIZANDO OBRAS SOCIALES,699ef0000039db30d7f8,,,,
,WAR,,,,,,WARNES ACCION REGIONAL,699ef000003a1601111b,,,,
,JUNTOS POR LA GUARDIA,,,,,,JUNTOS POR LA GUARDIA,699ef000003a57f6b96e,,,,
,JICHI COMPROMISO CIUDADANO,,,,,,JICHI COMPROMISO CIUDADANO,699ef000003a8a994c84,,,,
,PAICOS,,,,,,PROYECTO DE INTEGRACION Y CONSTRUCCION SOCIAL,699ef000003aca1b204d,,,,
,CREO,,,,,,"COMPROMISO, RENOVACION Y ORDEN",699ef000003b0f7cb26c,,,,
,TPS,,,,,,TODOS POR SAAVEDRA,699ef000003b436aff49,,,,
,CAMPO,,,,,,CAMBIO POSIBLE (CAMPO),699ef000003b94bb92af,,,,
,SCB,,,,,,SOMOS COLPA BELGICA,699ef000003bd375764c,,,,
,CONTIGO,,,,,,CONSTRUYENDO TODOS CON IGUALDAD Y ORDEN,699ef000003c1035e301,,,,
,FDR,,,,,,FUERZA DEMOCRATICA REVOLUCIONARIA,699ef000003c477ba1e5,,,,
,UPSJ,,,,,,UNIDOS POR SAN JULIAN,699ef000003cc0b35eb5,,,,
,TQCB,,,,,,TE QUIERO COLPA BELGICA,699ef000003d00f77ed8,,,,
,PCI,,,,,,PROGRESO CON INTEGRIDAD,699ef000003d45a61eaf,,,,
,T.P.P.,,,,,,TODOS POR PORONGO,699ef000003db5dc209b,,,,
,VOCES,,,,,,VOLUNTAD CIUDADANA Y EQUIDAD SOCIAL (VOCES) -LAGUARDIA,699ef000003de5d4eed7,,,,
,SAO,,,,,,SANTA CRUZ AUTONOMA Y ORDENADA,699ef000003e220c634c,,,,
,FIRME,,,,,,FIRME WARNES,699ef0000006ae1e6ea7,,,,
,P.D.P.,,,,,,PODER DEL PUEBLO,699ef000000714a94736,,,,
,Q.R.J.,,,,,,QUILLACOLLO CON RENOVACION Y JUVENTUD,699ef000000743a4647d,,,,
,MIM,,,,,,MOVIMIENTO DE INTEGRACION MULTISECTORIAL,699ef0000008011e6b98,,,,
,GV,,,,,,GUALBERTO VILLARROEL,699ef0000008349ef13a,,,,
,JESUCA,,,,,,JESUS LARA,699ef0000008fa24069b,,,,
,MV,,,,,,MOVIMIENTO VIDA,699ef0000009302bf704,,,,
,C.2000,,,,,,CAMBIO 2000,699ef0000009a6725f14,,,,
,SOL.LP,,,,,,SOL PARA LA PAZ,699ef0000009e2012bae,,,,
,CH,,,,,,,699ef000000a2e58cfd8,,,,
https://appwrite.sociest.org/v1/storage/buckets/6982cf7700216a840bcf/files/69ab355b001271ad1eab/view?project=697ea96f003c3264105c,J.A.LLA.LLA,,,,,,Juntos al Llamado de los Pueblos,699efcf445fde9370b8b,Av. Eliodoro Villazon N° 3955 zona Mariscal Sucre de El Alto,,,
,SW,,,,,,SOMOS WARNES,699efcfff30ff20c6ba6,,,,
,UNE,,,,,,UNIDAD NACIONAL DE ESPERANZA,699efd0a9ec1b567210a,,,,
,CH,,,,,,CIUDAD HUMANA,699ef000100a2e58cfd8,,,,
,LPS,,,,,,LICOMA POR SIEMPRE,69a77720cfecf10f0ff1,,,,
,P.I.T.,,,,,,PUEBLO INDIGENA TACANA,69a777a3e6dd2a39d9c3,,,,
,SO.MO.S. EL ALTO,,,,,,SOMOS MOVIMIENTO SOCIAL,69a77b16e3a60135d36c,,,,
https://appwrite.sociest.org/v1/storage/buckets/6982cf7700216a840bcf/files/69ab365c0024f54a9bd3/view?project=697ea96f003c3264105c,CON.PUEBLO,,,,,,Conciencia del Pueblo,69a77b4db56214582ed0,"Comunidad Villa Viluyo, perteneciente a la sexta sección del municipio Waldo Ballivián – Tumarapi de la provincia Pacajes del departamento de La Paz",,,
,M.I.A.S.U.N.T.A.,,,,,,MOVIMIENTO DE INTEGRACION Y ALIANZA SOCIAL UNICA DE TRABAJADORES DE LA ASUNTA,69a77b7e474354b8a935,,,,
,MTL,,,,,,MOVIMIENTO TIERRA Y LIBERTAD,69a77ba8ebfc684290df,,,,
,NOS,,,,,,NUEVA OPCION SOCIAL,69a77bd4a3116e5cde81,,,,
,MIDELUR,,,,,,MIRANDO EL DESARROLLO DE LURIBAY,69a77c031378ab12b9eb,,,,
,TP-A,,,,,,TODOS PODEMOS AVANZAR,69a77c4ca716751f6a61,,,,
,PACHA,,,,,,PROYECTO ALTERNATIVO DE CAMBIO HACIA UN AMANECER (AROMA-5S-PATACAMAYA),69a77c882efd34fddf3c,,,,
